1,Wilone,Yakutin,42,F,wyakutin0@webs.com,130.12.221.64
2,Toinette,Szapiro,6,F,tszapiro1@hhs.gov,238.36.79.184
3,Shanie,Leaman,62,F,sleaman2@webmd.com,79.97.82.174
4,Horace,Degg,31,M,hdegg3@theatlantic.com,24.58.177.211
5,Slade,Getten,93,M,sgetten4@telegraph.co.uk,111.163.30.10
6,Tucker,Oboy,76,M,toboy5@unblog.fr,159.136.217.98
7,Patrica,Parken,36,F,pparken6@go.com,155.111.244.81
8,Brittne,Bullers,7,F,bbullers7@yellowpages.com,31.66.218.44
9,Quintus,Bartholomieu,79,M,qbartholomieu8@squidoo.com,29.176.11.234
10,Madelena,MacAiline,13,F,mmacailine9@hhs.gov,95.102.65.144
11,Westleigh,Fydoe,65,M,wfydoea@google.co.uk,54.221.94.13
12,Jeanette,Sellek,58,F,jsellekb@rambler.ru,151.195.92.248
13,Casie,Dayborne,27,F,cdaybornec@ehow.com,19.14.6.179
14,Lizzie,Lamcken,26,F,llamckend@apache.org,234.211.158.186
15,Kiri,Ferryn,83,F,kferryne@vkontakte.ru,184.117.170.88
16,Sharona,Pratte,13,F,sprattef@eventbrite.com,67.145.242.100
17,Udell,Willoughby,8,M,uwilloughbyg@princeton.edu,110.202.197.122
18,Vale,D'Ambrogi,77,M,vdambrogih@seattletimes.com,131.132.62.130
19,Waylin,Redley,27,M,wredleyi@rambler.ru,71.184.126.23
20,Annmaria,Petworth,86,F,apetworthj@squarespace.com,134.55.237.243
21,Gustavus,Clohisey,99,M,gclohiseyk@netvibes.com,97.172.212.197
22,Coralyn,Ellacombe,4,F,cellacombel@dot.gov,25.245.254.119
23,Ava,Tebbutt,23,F,atebbuttm@blogtalkradio.com,60.161.37.77
24,Ferd,Linstead,60,M,flinsteadn@unc.edu,218.107.144.36
25,Blancha,O'Cahey,8,F,bocaheyo@cnet.com,123.139.247.16
26,Lin,Gadie,67,F,lgadiep@ovh.net,164.96.22.62
27,Freddie,Kimbrough,80,F,fkimbroughq@ehow.com,119.242.197.166
28,Clair,Tingley,14,M,ctingleyr@dagondesign.com,156.102.143.60
29,Lazaro,McDuffie,74,M,lmcduffies@reference.com,22.2.75.195
30,Garnet,Sabatini,100,F,gsabatinit@globo.com,56.81.77.234
31,Eward,Albers,90,M,ealbersu@biblegateway.com,220.111.120.61
32,Lay,Gavini,71,M,lgaviniv@tinyurl.com,24.180.125.107
33,Jacques,Janout,70,M,jjanoutw@mlb.com,74.253.186.3
34,Godfree,Schoenfisch,64,M,gschoenfischx@desdev.cn,121.61.187.16
35,Lucine,Hellier,87,F,lhelliery@reuters.com,65.163.252.89
36,Beverie,Harnor,59,F,bharnorz@fda.gov,159.56.154.204
37,Dottie,Saphin,27,F,dsaphin10@pen.io,1.46.205.85
38,Jackson,Baffin,75,M,jbaffin11@yellowpages.com,169.149.92.201
39,Elysia,Geillier,43,F,egeillier12@altervista.org,81.253.1.157
40,Winna,Tollerton,17,F,wtollerton13@gizmodo.com,186.99.90.225
41,Brig,Van Hesteren,70,M,bvanhesteren14@huffingtonpost.com,235.70.112.69
42,Theressa,Cable,59,F,tcable15@auda.org.au,142.195.129.240
43,Lucille,Feavearyear,58,F,lfeavearyear16@shutterfly.com,137.203.31.149
44,Monti,Neal,50,M,mneal17@pcworld.com,33.189.173.131
45,Remy,Ledgister,14,F,rledgister18@census.gov,68.230.252.157
46,Kahlil,Barthram,22,M,kbarthram19@lycos.com,122.87.18.129
47,Izak,Kitcherside,41,M,ikitcherside1a@furl.net,79.193.237.36
48,Pepillo,Rabbet,46,M,prabbet1b@wikia.com,112.226.64.170
49,Vincenz,Piscot,7,M,vpiscot1c@friendfeed.com,73.68.117.115
50,Margie,Titchmarsh,26,F,mtitchmarsh1d@unblog.fr,153.215.174.94
51,Bambie,Lau,32,F,blau1e@nymag.com,159.25.151.85
52,Laryssa,Dignum,53,F,ldignum1f@xinhuanet.com,149.50.26.193
53,Chip,Sokale,10,M,csokale1g@xrea.com,144.229.81.76
54,Sigismond,Eliot,86,M,seliot1h@google.cn,207.195.119.56
55,Greta,Meffen,2,F,gmeffen1i@latimes.com,78.45.76.156
56,Grazia,Rosenkranc,72,F,grosenkranc1j@github.com,47.111.82.1
57,Leicester,Gaish,55,M,lgaish1k@china.com.cn,219.248.219.224
58,Winslow,McIlvoray,63,M,wmcilvoray1l@cnet.com,159.169.15.189
59,Johnnie,Midlar,37,M,jmidlar1m@soundcloud.com,161.68.65.42
60,Gabriele,Kimmitt,33,M,gkimmitt1n@example.com,188.158.216.207
61,Abbey,Kidder,90,F,akidder1o@ft.com,20.119.197.236
62,Ermengarde,Spratling,27,F,espratling1p@google.nl,98.31.60.158
63,Marjorie,Rubinow,41,F,mrubinow1q@bizjournals.com,173.236.42.232
64,Daven,Bruggeman,61,M,dbruggeman1r@house.gov,245.200.193.38
65,Del,Gibbin,97,M,dgibbin1s@amazon.com,110.227.247.18
66,Ellwood,Slyford,45,M,eslyford1t@qq.com,58.176.63.99
67,Leslie,Bertome,14,F,lbertome1u@sciencedirect.com,232.167.186.161
68,Brodie,Loines,69,M,bloines1v@paypal.com,153.165.103.155
69,Rafi,Beaushaw,71,M,rbeaushaw1w@wix.com,246.182.32.7
70,Lothaire,Bingell,9,M,lbingell1x@noaa.gov,217.83.46.82
71,Andrej,Bernini,78,M,abernini1y@addtoany.com,174.57.175.120
72,Oran,Cooke,33,M,ocooke1z@myspace.com,172.240.166.34
73,Ellis,Bridgett,50,M,ebridgett20@shop-pro.jp,166.4.106.242
74,Dorise,Rounding,47,F,drounding21@sciencedirect.com,25.215.234.63
75,Claudia,Tampling,77,F,ctampling22@bloomberg.com,79.213.167.192
76,Dermot,Doggett,80,M,ddoggett23@nsw.gov.au,82.149.9.193
77,Thekla,Richards,75,F,trichards24@reddit.com,162.187.150.108
78,Galen,Edinburough,13,M,gedinburough25@wordpress.org,32.79.216.168
79,Agosto,Bromidge,63,M,abromidge26@wikimedia.org,91.90.116.231
80,Leigh,Dairton,55,F,ldairton27@japanpost.jp,41.93.27.100
81,Fletcher,Ravenscraft,61,M,fravenscraft28@unc.edu,109.200.6.30
82,Orazio,Gheerhaert,49,M,ogheerhaert29@nytimes.com,114.242.108.53
83,Lon,Perillo,27,M,lperillo2a@psu.edu,79.20.248.103
84,Reid,Crowthe,13,M,rcrowthe2b@ucla.edu,54.17.156.239
85,Alexi,Larking,70,F,alarking2c@pbs.org,28.61.157.86
86,Cully,MacClure,51,M,cmacclure2d@bbc.co.uk,137.90.78.148
87,Noe,Erskin,66,M,nerskin2e@economist.com,33.108.121.59
88,Marga,Chstney,10,F,mchstney2f@columbia.edu,255.202.61.219
89,Roderick,Holcroft,48,M,rholcroft2g@purevolume.com,78.116.38.82
90,Michaelina,Fallows,90,F,mfallows2h@uol.com.br,93.212.182.209
91,Vicky,Klimczak,1,F,vklimczak2i@altervista.org,155.174.13.53
92,Temple,Jozefczak,98,M,tjozefczak2j@apple.com,245.69.48.228
93,Elia,Shave,57,M,eshave2k@arstechnica.com,26.81.146.200
94,Ruggiero,Cymper,40,M,rcymper2l@japanpost.jp,185.2.18.81
95,Melisent,McLorinan,71,F,mmclorinan2m@tinypic.com,192.140.159.129
96,Hube,Bandy,13,M,hbandy2n@gnu.org,148.229.141.170
97,Guenevere,Heiner,57,F,gheiner2o@123-reg.co.uk,228.88.171.228
98,Josias,Saddleton,56,M,jsaddleton2p@nhs.uk,67.19.86.82
99,Gisele,Gillingwater,14,F,ggillingwater2q@51.la,191.135.40.53
100,Sadie,Portwain,53,F,sportwain2r@arstechnica.com,143.44.125.225
101,Daryle,Ostridge,56,M,dostridge2s@patch.com,41.1.72.102
102,Douglas,Carss,59,M,dcarss2t@wunderground.com,172.143.252.3
103,Maddy,Jocelyn,51,F,mjocelyn2u@photobucket.com,21.135.23.177
104,Nisse,Gaydon,20,F,ngaydon2v@army.mil,243.135.203.162
105,Constantia,Aveling,90,F,caveling2w@usa.gov,162.119.157.249
106,Orion,Pracy,38,M,opracy2x@baidu.com,82.248.5.24
107,Celestina,Varian,18,F,cvarian2y@nationalgeographic.com,152.217.221.25
108,Prissie,Dalliwater,60,F,pdalliwater2z@indiegogo.com,132.74.4.142
109,Wayne,Woodroofe,91,M,wwoodroofe30@smugmug.com,7.184.182.156
110,Verla,Connell,30,F,vconnell31@skyrock.com,183.4.182.7
111,Justis,White,90,M,jwhite32@shop-pro.jp,4.11.145.152
112,Thibaud,Severn,78,M,tsevern33@behance.net,206.243.104.248
113,Kimbell,Grayer,63,M,kgrayer34@issuu.com,101.94.167.95
114,Amabel,Tallach,97,F,atallach35@ucsd.edu,232.178.218.111
115,Paco,Shortt,72,M,pshortt36@gmpg.org,118.129.135.121
116,Bing,Pallent,22,M,bpallent37@vimeo.com,26.141.242.253
117,Willyt,Rosenwald,90,F,wrosenwald38@nifty.com,226.37.26.194
118,Faustine,Gorey,50,F,fgorey39@fastcompany.com,169.208.157.218
119,Cullie,Matussevich,21,M,cmatussevich3a@unicef.org,164.203.243.105
120,Jacintha,Januszkiewicz,83,F,jjanuszkiewicz3b@blogspot.com,154.210.252.33
121,Delainey,Sorsbie,50,M,dsorsbie3c@bbb.org,77.36.216.94
122,Ted,Monshall,93,F,tmonshall3d@epa.gov,151.251.14.73
123,Tomi,Yardley,84,F,tyardley3e@blogs.com,93.89.251.215
124,Buckie,Dorin,13,M,bdorin3f@smugmug.com,200.22.203.169
125,Carolina,Jorg,11,F,cjorg3g@noaa.gov,89.17.128.43
126,Meredeth,Sands,51,M,msands3h@gravatar.com,137.244.99.37
127,Uriah,Geeve,69,M,ugeeve3i@quantcast.com,225.236.231.200
128,Tedra,Eitter,36,F,teitter3j@google.com,59.47.239.217
129,Gnni,McElory,87,F,gmcelory3k@ow.ly,29.155.249.147
130,Ninetta,Ferrettini,71,F,nferrettini3l@devhub.com,207.203.166.211
131,Waylin,Greenan,67,M,wgreenan3m@gmpg.org,196.61.150.35
132,Oralia,Knappe,21,F,oknappe3n@amazon.co.jp,105.126.111.60
133,Claiborn,Berrigan,54,M,cberrigan3o@state.gov,92.93.199.103
134,Thorvald,Griffoen,52,M,tgriffoen3p@dell.com,175.165.40.246
135,Yorgo,Coushe,55,M,ycoushe3q@usnews.com,186.214.33.9
136,Doreen,Crow,67,F,dcrow3r@feedburner.com,92.237.159.6
137,Carine,Bonny,26,F,cbonny3s@constantcontact.com,74.15.116.129
138,Carmine,Itzkin,89,F,citzkin3t@microsoft.com,54.65.117.44
139,Francklin,Freyne,17,M,ffreyne3u@example.com,133.190.100.88
140,Nicoline,Seyler,48,F,nseyler3v@nps.gov,34.53.92.111
141,Gasparo,Feedome,26,M,gfeedome3w@earthlink.net,174.158.112.130
142,Sauveur,Waddy,74,M,swaddy3x@flavors.me,40.236.169.174
143,William,Massy,50,M,wmassy3y@discovery.com,156.206.127.23
144,Trumaine,Divers,90,M,tdivers3z@is.gd,211.54.140.75
145,Emilio,Bartoletti,43,M,ebartoletti40@istockphoto.com,47.29.153.237
146,Dani,Takkos,41,F,dtakkos41@google.cn,55.227.179.235
147,Ellswerth,O'Daly,100,M,eodaly42@goodreads.com,28.122.58.28
148,Tait,Morl,72,M,tmorl43@hp.com,6.140.21.207
149,Katha,Rasp,34,F,krasp44@dailymotion.com,248.30.126.64
150,Constantia,Kemery,57,F,ckemery45@princeton.edu,61.91.112.85
151,Gibby,Cobley,9,M,gcobley46@shop-pro.jp,121.61.54.128
152,Dominica,Wolfe,89,F,dwolfe47@patch.com,170.40.106.23
153,Shannen,Coltart,54,F,scoltart48@google.it,84.137.1.21
154,Cary,Gatland,43,F,cgatland49@bing.com,109.19.200.84
155,Sascha,Eschelle,21,M,seschelle4a@icq.com,33.227.177.164
156,Samuel,Tremayne,75,M,stremayne4b@github.io,39.151.29.21
157,Winfred,Meechan,70,M,wmeechan4c@cloudflare.com,186.253.48.144
158,Cammie,Mignot,76,F,cmignot4d@shop-pro.jp,171.219.148.200
159,Maurita,Edinburough,10,F,medinburough4e@google.it,38.244.13.17
160,Gertrudis,Peterkin,26,F,gpeterkin4f@umn.edu,186.119.243.78
161,Daffi,Bordes,95,F,dbordes4g@washington.edu,57.186.181.227
162,Roseanna,Lopez,25,F,rlopez4h@people.com.cn,49.13.9.83
163,Elnora,Viccary,89,F,eviccary4i@biblegateway.com,202.8.94.131
164,Godfry,Bedburrow,23,M,gbedburrow4j@state.gov,111.34.247.54
165,Justen,Pimblotte,54,M,jpimblotte4k@accuweather.com,243.183.126.46
166,Audy,Carolan,74,F,acarolan4l@soundcloud.com,220.94.55.115
167,Normand,Tankard,82,M,ntankard4m@nhs.uk,189.115.236.231
168,Gwyn,Raoux,51,F,graoux4n@blogger.com,150.209.9.143
169,Osborn,Kinnach,72,M,okinnach4o@phpbb.com,196.151.74.72
170,Andrej,Bisseker,78,M,abisseker4p@a8.net,247.90.202.185
171,Amerigo,Dalgetty,11,M,adalgetty4q@tripadvisor.com,18.121.204.48
172,Bank,Grgic,11,M,bgrgic4r@cmu.edu,5.84.218.225
173,Baird,Hadenton,60,M,bhadenton4s@cocolog-nifty.com,206.97.11.127
174,Kathe,Ring,15,F,kring4t@nba.com,7.154.64.228
175,Fionna,Tanman,39,F,ftanman4u@1688.com,148.105.22.214
176,Kaja,Cloney,28,F,kcloney4v@earthlink.net,196.241.210.188
177,Delinda,Higginbottam,25,F,dhigginbottam4w@census.gov,65.155.138.170
178,Pia,Lagadu,56,F,plagadu4x@goodreads.com,145.173.236.237
179,Alena,MacConnel,51,F,amacconnel4y@webeden.co.uk,228.131.77.73
180,Neysa,Kamena,25,F,nkamena4z@qq.com,214.176.202.42
181,Huey,O'Geaney,48,M,hogeaney50@omniture.com,245.223.86.232
182,Angelo,Fireman,34,M,afireman51@nhs.uk,169.183.61.74
183,Lindy,Rabier,45,M,lrabier52@youtube.com,181.25.73.77
184,Stevie,Sall,44,M,ssall53@imgur.com,164.239.158.85
185,Correy,Loudian,10,F,cloudian54@e-recht24.de,97.215.106.188
186,Sancho,Molfino,37,M,smolfino55@loc.gov,196.77.251.39
187,Price,Chaim,78,M,pchaim56@fotki.com,164.113.15.211
188,Olympie,Brymner,26,F,obrymner57@npr.org,184.21.22.161
189,Haily,Pinnell,47,M,hpinnell58@yahoo.com,69.81.92.70
190,Dean,Moynham,93,M,dmoynham59@51.la,131.217.178.252
191,Adella,Barbary,85,F,abarbary5a@admin.ch,77.63.237.247
192,Halsey,Lampl,15,M,hlampl5b@flickr.com,151.166.15.105
193,Breena,Mattiazzi,10,F,bmattiazzi5c@yale.edu,87.150.105.41
194,Cecilia,Cafferky,14,F,ccafferky5d@multiply.com,248.160.53.207
195,Patrizius,Rigge,41,M,prigge5e@wunderground.com,14.216.116.43
196,Niven,Ripper,49,M,nripper5f@bizjournals.com,49.3.111.243
197,Estevan,Twigg,22,M,etwigg5g@narod.ru,123.32.147.113
198,Scarlett,Blackbourn,100,F,sblackbourn5h@mail.ru,209.249.1.56
199,Nil,Christoffels,8,M,nchristoffels5i@usgs.gov,73.19.147.44
200,Putnam,Khoter,57,M,pkhoter5j@wikia.com,95.221.241.103
201,Zarah,Pogson,1,F,zpogson5k@cisco.com,110.43.178.165
202,Barrie,McEvon,6,M,bmcevon5l@cnbc.com,204.247.138.174
203,Hetty,Illing,46,F,hilling5m@cnn.com,0.31.18.17
204,Loella,Edmand,64,F,ledmand5n@craigslist.org,142.223.36.19
205,Marcelia,McCully,33,F,mmccully5o@yale.edu,106.64.28.19
206,Penelopa,Fasham,98,F,pfasham5p@buzzfeed.com,104.168.25.104
207,Thorndike,Giles,80,M,tgiles5q@census.gov,38.179.121.123
208,Ingunna,Blakes,67,F,iblakes5r@harvard.edu,65.80.218.181
209,Markos,Collingdon,29,M,mcollingdon5s@umich.edu,198.166.175.140
210,Clemmie,Clemits,73,F,cclemits5t@latimes.com,58.238.156.122
211,Steven,Walisiak,9,M,swalisiak5u@washingtonpost.com,78.127.243.161
212,Livy,Desorts,53,F,ldesorts5v@oracle.com,69.150.0.200
213,Nico,Yellowlees,52,M,nyellowlees5w@oracle.com,133.202.41.198
214,Stirling,Videan,84,M,svidean5x@wikispaces.com,75.6.221.77
215,Alyse,Awmack,46,F,aawmack5y@instagram.com,56.206.205.138
216,Kelvin,Ort,27,M,kort5z@ed.gov,122.246.91.5
217,Hersh,Tome,43,M,htome60@wired.com,204.27.99.10
218,Aubree,Dake,15,F,adake61@princeton.edu,237.68.242.69
219,Deanna,Guiden,74,F,dguiden62@google.ca,22.255.84.238
220,Dionisio,Laurant,71,M,dlaurant63@webs.com,118.144.236.214
221,Karisa,Ternault,13,F,kternault64@fotki.com,47.212.128.93
222,Kittie,Millsap,15,F,kmillsap65@tripadvisor.com,127.99.209.56
223,Maggi,Grundon,24,F,mgrundon66@e-recht24.de,105.174.54.219
224,Edsel,Febry,40,M,efebry67@vistaprint.com,131.59.145.183
225,Zonnya,Morgans,42,F,zmorgans68@imgur.com,16.219.68.236
226,Kirk,Abrahmovici,91,M,kabrahmovici69@discuz.net,198.163.54.255
227,Juanita,Ketton,35,F,jketton6a@homestead.com,172.236.241.211
228,Reynolds,Beernt,37,M,rbeernt6b@networkadvertising.org,30.55.231.176
229,Beniamino,Clendennen,50,M,bclendennen6c@examiner.com,133.114.75.185
230,Lilly,Moogan,97,F,lmoogan6d@dmoz.org,100.15.167.181
231,Lark,Stile,90,F,lstile6e@china.com.cn,224.11.26.68
232,Margaretta,Cristofvao,83,F,mcristofvao6f@google.co.uk,6.144.255.239
233,Hugo,Else,24,M,helse6g@github.com,225.242.111.8
234,Roxy,Grunwall,90,F,rgrunwall6h@businesswire.com,4.77.211.101
235,Ximenez,Haward,36,M,xhaward6i@dmoz.org,247.154.181.84
236,Horst,Thowes,44,M,hthowes6j@google.it,145.203.145.65
237,Philly,Tellenbroker,87,F,ptellenbroker6k@yolasite.com,131.117.194.250
238,Carri,Schultes,63,F,cschultes6l@mtv.com,1.21.54.50
239,Damian,Marval,21,M,dmarval6m@latimes.com,112.147.207.85
240,Filip,Christofides,79,M,fchristofides6n@marketwatch.com,214.125.149.248
241,Stanislas,Amery,16,M,samery6o@tumblr.com,67.95.113.30
242,Aldin,Ubach,3,M,aubach6p@bloglovin.com,253.167.42.238
243,Eula,Risely,70,F,erisely6q@scientificamerican.com,173.91.212.192
244,Gery,Di Francesco,67,M,gdifrancesco6r@java.com,203.216.175.86
245,Cord,More,76,M,cmore6s@wp.com,190.52.60.89
246,Larisa,De la Zenne,98,F,ldelazenne6t@soundcloud.com,16.60.94.137
247,Symon,Hallas,37,M,shallas6u@wix.com,130.90.128.223
248,Neysa,Walpole,39,F,nwalpole6v@mozilla.org,55.15.86.166
249,Rudd,Hassan,41,M,rhassan6w@reddit.com,53.240.153.45
250,Vladamir,Sleight,28,M,vsleight6x@de.vu,156.71.92.122
251,Dimitri,Collins,49,M,dcollins6y@51.la,14.52.38.23
252,Paulette,Brammer,69,F,pbrammer6z@etsy.com,108.80.239.155
253,Freedman,Boyet,64,M,fboyet70@independent.co.uk,142.182.246.7
254,Pen,Soppit,67,F,psoppit71@washington.edu,151.177.56.92
255,Lara,Pinor,43,F,lpinor72@answers.com,229.30.35.56
256,Averill,Priest,12,M,apriest73@wp.com,216.150.27.216
257,Farley,Edgars,29,M,fedgars74@stumbleupon.com,176.12.95.43
258,Ferris,Deluca,89,M,fdeluca75@uiuc.edu,96.194.238.50
259,Gertrudis,Camblin,67,F,gcamblin76@pbs.org,33.66.253.105
260,Hyatt,Iglesias,87,M,higlesias77@free.fr,178.145.42.41
261,Tori,Bill,26,F,tbill78@blogtalkradio.com,29.192.30.74
262,Roderigo,Bartalini,36,M,rbartalini79@163.com,234.2.90.75
263,Raddie,Geraud,67,M,rgeraud7a@infoseek.co.jp,61.238.115.65
264,Anatole,Molines,70,M,amolines7b@npr.org,214.179.189.67
265,Yetty,Cockshot,50,F,ycockshot7c@ifeng.com,207.132.222.53
266,Hester,Geffinger,90,F,hgeffinger7d@ebay.co.uk,35.255.127.36
267,Angie,Brunroth,7,M,abrunroth7e@gmpg.org,68.213.224.92
268,Francesco,Whitefoot,29,M,fwhitefoot7f@miitbeian.gov.cn,136.218.42.0
269,Ludwig,Primmer,59,M,lprimmer7g@ucoz.ru,4.25.241.72
270,Stearn,Bleazard,4,M,sbleazard7h@microsoft.com,97.117.182.247
271,Dulcy,Ruggen,67,F,druggen7i@amazon.com,47.225.88.56
272,Saw,Camock,27,M,scamock7j@china.com.cn,236.122.119.209
273,Erhart,Bronger,12,M,ebronger7k@msn.com,154.87.99.233
274,Lanny,Fasset,2,F,lfasset7l@cbc.ca,185.228.229.235
275,Burty,Pett,72,M,bpett7m@google.com.au,83.1.227.70
276,Artemas,Kiehnlt,27,M,akiehnlt7n@cisco.com,76.191.202.168
277,Jacquelyn,Wheelband,100,F,jwheelband7o@furl.net,8.101.109.166
278,Davida,Giacomelli,47,F,dgiacomelli7p@uol.com.br,50.236.121.245
279,Garvey,Emson,61,M,gemson7q@toplist.cz,47.96.90.148
280,Janina,Saville,88,F,jsaville7r@plala.or.jp,109.16.76.47
281,Anselm,Warburton,49,M,awarburton7s@g.co,89.49.90.21
282,Mitch,Scipsey,71,M,mscipsey7t@tuttocitta.it,58.140.17.18
283,Grenville,O'Farris,58,M,gofarris7u@sfgate.com,192.97.138.196
284,Andree,Trime,31,F,atrime7v@ovh.net,29.142.9.66
285,Goober,Antonikov,3,M,gantonikov7w@illinois.edu,193.149.107.48
286,Roderic,Clowes,60,M,rclowes7x@weather.com,49.98.249.133
287,Emmey,Whewill,44,F,ewhewill7y@about.me,195.11.233.82
288,Kane,Mason,14,M,kmason7z@youtube.com,103.137.31.184
289,Rockey,Gourley,92,M,rgourley80@patch.com,10.232.23.230
290,Ellerey,Lattka,49,M,elattka81@zdnet.com,25.140.188.118
291,Skye,Waterfall,26,M,swaterfall82@last.fm,89.165.185.0
292,Storm,Holhouse,83,F,sholhouse83@nyu.edu,100.236.49.31
293,Dom,Flaxman,19,M,dflaxman84@deliciousdays.com,223.131.78.233
294,Evangelin,Chawner,97,F,echawner85@scribd.com,187.26.118.129
295,Carmel,Ilewicz,72,F,cilewicz86@hao123.com,51.2.131.164
296,Marleen,Curston,51,F,mcurston87@tmall.com,13.183.146.255
297,Spenser,Simmers,52,M,ssimmers88@sina.com.cn,70.175.112.171
298,Dal,Goodsall,5,M,dgoodsall89@wikimedia.org,17.8.179.223
299,Arri,Menaul,13,M,amenaul8a@army.mil,109.35.166.106
300,Alexandra,Cobby,92,F,acobby8b@biblegateway.com,124.84.221.165
301,Tait,Dunan,62,M,tdunan8c@omniture.com,196.74.108.110
302,Rubina,Pendreigh,70,F,rpendreigh8d@bbc.co.uk,129.134.250.24
303,Rhetta,Burges,38,F,rburges8e@alexa.com,97.97.147.77
304,Kenneth,Macek,28,M,kmacek8f@liveinternet.ru,137.254.174.75
305,Pat,Guinness,72,F,pguinness8g@oracle.com,99.119.235.101
306,Shelton,Rosle,40,M,srosle8h@canalblog.com,138.233.164.10
307,Raven,Hyett,38,F,rhyett8i@ebay.com,224.255.218.2
308,Jeanelle,Cesco,4,F,jcesco8j@yahoo.com,156.237.85.251
309,Isabella,Ewen,95,F,iewen8k@addtoany.com,76.94.62.151
310,Karole,Meenehan,38,F,kmeenehan8l@loc.gov,218.15.184.47
311,Carol,Records,45,F,crecords8m@wikipedia.org,69.88.20.48
312,Ingamar,Jewson,76,M,ijewson8n@nature.com,176.180.171.101
313,Lorita,Hutchason,16,F,lhutchason8o@blog.com,183.124.192.173
314,Meir,Davidman,30,M,mdavidman8p@ihg.com,207.218.4.97
315,Red,Pomroy,35,M,rpomroy8q@mapy.cz,212.174.193.250
316,Tirrell,Dugget,67,M,tdugget8r@liveinternet.ru,43.19.25.215
317,Silas,Paolinelli,29,M,spaolinelli8s@google.fr,21.223.126.203
318,Emily,Bangs,16,F,ebangs8t@storify.com,126.152.160.99
319,Sheilah,Sindall,57,F,ssindall8u@elpais.com,30.51.12.213
320,Thedrick,Aldin,89,M,taldin8v@redcross.org,48.131.255.137
321,Augustine,Itzig,2,F,aitzig8w@vk.com,125.7.160.217
322,Waly,Spenclay,5,F,wspenclay8x@shinystat.com,194.138.220.137
323,Wyndham,Roughan,37,M,wroughan8y@behance.net,10.33.48.123
324,Natal,Ashtonhurst,6,M,nashtonhurst8z@answers.com,132.131.204.38
325,Port,Buyers,60,M,pbuyers90@adobe.com,105.22.175.203
326,Dallas,Ostrich,46,F,dostrich91@rakuten.co.jp,59.180.169.45
327,Zebulon,Huntress,23,M,zhuntress92@abc.net.au,188.108.84.137
328,Parsifal,Prodrick,13,M,pprodrick93@buzzfeed.com,177.41.190.38
329,Darlleen,Bentje,75,F,dbentje94@prlog.org,228.205.18.65
330,Amble,Shankster,55,M,ashankster95@economist.com,194.90.22.17
331,Andie,Martignon,36,F,amartignon96@shop-pro.jp,194.153.51.9
332,Marc,Elvey,35,M,melvey97@mail.ru,191.200.212.243
333,Saundra,Hungerford,26,M,shungerford98@ucoz.com,240.176.165.208
334,Teresina,Spavon,7,F,tspavon99@upenn.edu,206.141.150.149
335,Wake,Bayns,38,M,wbayns9a@rediff.com,60.255.85.170
336,Carina,Fairbank,88,F,cfairbank9b@go.com,49.71.51.58
337,Magdalen,Hartless,81,F,mhartless9c@netvibes.com,79.134.52.134
338,Clifford,Simper,75,M,csimper9d@opensource.org,86.167.64.22
339,Una,Delucia,83,F,udelucia9e@nature.com,184.2.18.110
340,Lyndel,Gales,84,F,lgales9f@eventbrite.com,63.166.110.217
341,Tuckie,Vaun,16,M,tvaun9g@amazon.co.jp,152.216.206.240
342,Malorie,McLorinan,80,F,mmclorinan9h@phoca.cz,155.176.165.162
343,Matilda,McWilliam,69,F,mmcwilliam9i@e-recht24.de,194.102.132.231
344,Teodora,Trobridge,54,F,ttrobridge9j@sciencedaily.com,15.62.62.230
345,Maye,Laetham,44,F,mlaetham9k@mlb.com,139.228.149.78
346,Aubrey,Whytock,89,M,awhytock9l@foxnews.com,241.171.177.184
347,Chad,McMurty,15,F,cmcmurty9m@delicious.com,189.56.41.121
348,Felipe,Gurnett,96,M,fgurnett9n@census.gov,139.236.196.168
349,Duky,Petersen,36,M,dpetersen9o@illinois.edu,183.244.131.148
350,Isiahi,Crevy,84,M,icrevy9p@ocn.ne.jp,43.3.152.98
351,Linell,Dagon,4,F,ldagon9q@mac.com,56.231.207.216
352,Tobie,Malins,34,M,tmalins9r@vistaprint.com,18.33.73.151
353,Obediah,Skone,36,M,oskone9s@reverbnation.com,195.57.145.1
354,Elihu,Calbrathe,11,M,ecalbrathe9t@exblog.jp,245.56.136.58
355,Hurleigh,McElvogue,25,M,hmcelvogue9u@slideshare.net,231.74.153.168
356,Eli,Reddlesden,18,M,ereddlesden9v@wikia.com,75.191.2.184
357,Angelita,Livesay,49,F,alivesay9w@dailymail.co.uk,212.180.133.42
358,Millard,Gebbe,78,M,mgebbe9x@feedburner.com,49.96.208.83
359,Frederique,Inskipp,18,F,finskipp9y@youtu.be,125.84.226.185
360,Payton,Westnage,57,M,pwestnage9z@cargocollective.com,119.252.165.58
361,Delaney,Yakob,71,M,dyakoba0@jalbum.net,121.50.147.93
362,Dukey,Chidwick,77,M,dchidwicka1@wikimedia.org,1.98.241.196
363,Marcela,Bouller,57,F,mboullera2@spotify.com,128.20.88.33
364,Ettie,Newbegin,89,F,enewbegina3@themeforest.net,27.190.237.101
365,Udale,Daintree,26,M,udaintreea4@bizjournals.com,132.232.128.67
366,Zedekiah,Ervin,84,M,zervina5@bandcamp.com,22.196.17.67
367,Aylmer,Hurche,80,M,ahurchea6@domainmarket.com,103.162.180.108
368,Leora,Stillman,23,F,lstillmana7@discuz.net,189.85.23.30
369,Rhody,Ferrettini,37,F,rferrettinia8@vkontakte.ru,165.225.102.246
370,Matthew,De la Yglesia,29,M,mdelayglesiaa9@4shared.com,242.95.165.215
371,Eadmund,Boomes,77,M,eboomesaa@dailymail.co.uk,109.209.65.131
372,Clotilda,Tomkinson,88,F,ctomkinsonab@feedburner.com,194.226.53.135
373,Farlay,Mosconi,55,M,fmosconiac@xing.com,253.75.165.246
374,Orlando,Aindrais,95,M,oaindraisad@howstuffworks.com,37.149.10.191
375,Lezlie,Godlee,80,F,lgodleeae@vk.com,173.28.34.22
376,Cullin,Haseley,83,M,chaseleyaf@sogou.com,172.106.98.176
377,Tremaine,Tunnacliffe,51,M,ttunnacliffeag@ed.gov,225.145.170.156
378,Garry,Astman,71,M,gastmanah@state.gov,201.86.46.8
379,Blanch,Yancey,33,F,byanceyai@economist.com,151.120.242.57
380,Maurise,Yardy,15,F,myardyaj@pagesperso-orange.fr,99.146.35.189
381,Danice,Waby,92,F,dwabyak@woothemes.com,196.174.151.198
382,Marie-jeanne,Cowser,98,F,mcowseral@technorati.com,13.105.102.154
383,Janette,Heindrich,83,F,jheindricham@cbslocal.com,113.158.124.197
384,Ignace,Oakenford,20,M,ioakenfordan@microsoft.com,46.128.23.132
385,Nelson,Greenrde,98,M,ngreenrdeao@dagondesign.com,49.13.173.22
386,Emanuele,Wedon,5,M,ewedonap@phpbb.com,150.177.98.53
387,Brittaney,Mainson,9,F,bmainsonaq@nydailynews.com,175.242.69.200
388,Hamil,Llewellyn,95,M,hllewellynar@mozilla.com,222.78.211.20
389,Keith,Muselli,12,M,kmusellias@amazon.de,193.178.145.191
390,Xavier,Bodley,13,M,xbodleyat@bravesites.com,64.37.208.70
391,Shelli,Embra,50,F,sembraau@reverbnation.com,114.185.175.241
392,Costanza,Haughan,78,F,chaughanav@weather.com,158.80.230.184
393,Nat,Dobsons,17,M,ndobsonsaw@printfriendly.com,75.240.6.80
394,Celina,Kleinsinger,75,F,ckleinsingerax@blogspot.com,115.64.39.142
395,Fredi,Malyon,80,F,fmalyonay@youtu.be,215.50.143.74
396,Daphene,Presshaugh,91,F,dpresshaughaz@bravesites.com,139.43.207.50
397,Dionis,O'Mannion,60,F,domannionb0@telegraph.co.uk,46.154.49.206
398,Abbye,Spurden,97,F,aspurdenb1@odnoklassniki.ru,112.106.226.128
399,Lockwood,Habbershon,2,M,lhabbershonb2@forbes.com,178.239.134.66
400,Doralynne,Scoines,21,F,dscoinesb3@google.com.hk,211.73.137.71
401,Carlina,Sperry,6,F,csperryb4@buzzfeed.com,44.61.70.80
402,Annabel,Boomes,19,F,aboomesb5@over-blog.com,101.113.242.24
403,Korie,Bierton,49,F,kbiertonb6@seattletimes.com,243.7.150.24
404,Hunt,Swinn,59,M,hswinnb7@nasa.gov,194.45.62.91
405,Jacynth,Linacre,60,F,jlinacreb8@1688.com,213.150.66.54
406,Rogerio,Ovendale,79,M,rovendaleb9@un.org,234.87.1.79
407,Farlay,Kindread,69,M,fkindreadba@macromedia.com,147.147.151.207
408,Sheilah,Marjot,97,F,smarjotbb@senate.gov,79.104.77.248
409,Barbette,Tarquini,70,F,btarquinibc@ask.com,121.165.65.163
410,Land,Reaper,65,M,lreaperbd@lycos.com,234.50.235.70
411,Lars,Baudrey,44,M,lbaudreybe@webnode.com,238.158.53.90
412,Pam,Hickeringill,2,F,phickeringillbf@indiegogo.com,113.216.164.2
413,Arther,Winn,25,M,awinnbg@plala.or.jp,141.211.156.28
414,Marietta,Zellmer,7,F,mzellmerbh@seattletimes.com,186.85.214.26
415,Ophelie,Linsey,83,F,olinseybi@rediff.com,100.252.66.121
416,Lanna,Khilkov,73,F,lkhilkovbj@state.tx.us,234.64.52.54
417,Moira,Riggs,5,F,mriggsbk@rediff.com,209.199.60.82
418,Ernestus,Rabson,69,M,erabsonbl@japanpost.jp,138.252.98.146
419,Emili,Kivlehan,88,F,ekivlehanbm@reference.com,45.229.208.19
420,Cynthie,Hanscome,78,F,chanscomebn@abc.net.au,106.61.142.159
421,Xavier,Adriano,94,M,xadrianobo@liveinternet.ru,58.204.38.95
422,Bernetta,Hawkridge,100,F,bhawkridgebp@livejournal.com,28.162.246.176
423,Breanne,De Biasio,64,F,bdebiasiobq@businesswire.com,68.158.5.20
424,Edsel,Cheese,33,M,echeesebr@uol.com.br,142.179.214.238
425,Allan,Jeayes,84,M,ajeayesbs@typepad.com,199.64.29.117
426,Tybie,Beckensall,94,F,tbeckensallbt@github.io,141.27.122.142
427,Reeva,Challis,33,F,rchallisbu@flickr.com,95.183.28.200
428,Luci,Jane,24,F,ljanebv@hhs.gov,5.87.23.61
429,Filbert,Batchan,1,M,fbatchanbw@sina.com.cn,134.139.23.175
430,Beryl,Shelvey,1,F,bshelveybx@webeden.co.uk,68.52.44.194
431,Riccardo,Sinnock,75,M,rsinnockby@marriott.com,156.121.35.146
432,Irvine,Nowaczyk,7,M,inowaczykbz@wikia.com,164.241.182.133
433,Alasteir,Legen,53,M,alegenc0@amazonaws.com,113.61.156.237
434,Waylon,Rubinowitch,25,M,wrubinowitchc1@blogger.com,146.217.78.23
435,Derk,Buddles,34,M,dbuddlesc2@microsoft.com,8.70.235.168
436,Wainwright,Creavan,17,M,wcreavanc3@edublogs.org,242.174.229.81
437,Lemar,Kirkness,43,M,lkirknessc4@smugmug.com,66.212.77.161
438,Zebedee,Annes,64,M,zannesc5@usda.gov,56.40.125.45
439,Annice,Ambrosetti,57,F,aambrosettic6@umich.edu,64.127.174.74
440,Thorndike,Hinnerk,74,M,thinnerkc7@indiatimes.com,67.229.93.84
441,Helga,Mainz,78,F,hmainzc8@altervista.org,18.19.216.113
442,Durante,Daton,37,M,ddatonc9@ezinearticles.com,165.179.37.30
443,Federico,Cullinan,63,M,fcullinanca@hud.gov,194.0.190.207
444,Dennison,Morillas,78,M,dmorillascb@goo.gl,31.247.3.30
445,Nelson,Gorries,78,M,ngorriescc@canalblog.com,53.79.110.189
446,Malinda,Benne,19,F,mbennecd@sogou.com,207.30.49.145
447,Bunnie,Wasselin,9,F,bwasselince@theguardian.com,230.55.254.172
448,Caty,Yushankin,34,F,cyushankincf@alibaba.com,140.243.88.148
449,Loraine,Liggons,79,F,lliggonscg@wisc.edu,70.75.36.119
450,Ronna,Dowsing,78,F,rdowsingch@webeden.co.uk,160.150.236.119
451,Leonora,Sharphurst,69,F,lsharphurstci@360.cn,61.57.198.166
452,Corrie,Sargant,29,M,csargantcj@typepad.com,4.255.112.228
453,Piotr,Philpault,99,M,pphilpaultck@ucoz.ru,133.109.96.227
454,Chrissy,Kampshell,36,M,ckampshellcl@edublogs.org,62.107.217.119
455,Jaquenette,Akker,1,F,jakkercm@zdnet.com,6.15.127.57
456,Shandy,Axup,14,F,saxupcn@mlb.com,252.161.91.189
457,Daniele,Timothy,20,F,dtimothyco@engadget.com,18.66.190.70
458,Tony,Sewart,37,M,tsewartcp@wikia.com,203.129.182.154
459,Kippy,Sealand,49,F,ksealandcq@cam.ac.uk,9.39.82.3
460,Kinnie,Schott,78,M,kschottcr@netlog.com,192.14.92.190
461,George,Rosas,40,M,grosascs@cmu.edu,186.163.61.227
462,Addy,Moreland,73,M,amorelandct@hugedomains.com,213.192.112.45
463,Farlie,Cohan,98,M,fcohancu@constantcontact.com,81.30.163.195
464,Nevile,Stanmer,62,M,nstanmercv@hexun.com,67.66.45.226
465,Ethelda,McLese,33,F,emclesecw@odnoklassniki.ru,204.87.209.24
466,Ricky,Dibdin,19,F,rdibdincx@studiopress.com,88.234.9.26
467,Nealson,Surplice,89,M,nsurplicecy@cornell.edu,132.55.175.54
468,Chrissie,Grammer,3,M,cgrammercz@cam.ac.uk,139.252.18.124
469,Lorrayne,Lots,71,F,llotsd0@moonfruit.com,171.188.166.63
470,Marilee,Lummus,16,F,mlummusd1@ft.com,239.97.109.23
471,Gay,Bridewell,35,M,gbridewelld2@dion.ne.jp,150.125.11.29
472,Sherwynd,Espinas,50,M,sespinasd3@nature.com,212.230.182.222
473,Huey,Bummfrey,15,M,hbummfreyd4@tripadvisor.com,254.131.69.25
474,Stanton,Dering,35,M,sderingd5@a8.net,149.180.108.41
475,Linc,Ebdin,65,M,lebdind6@nydailynews.com,73.103.97.178
476,Corenda,Golden of Ireland,58,F,cgoldenofirelandd7@geocities.jp,4.112.89.241
477,Eleni,Whitebread,35,F,ewhitebreadd8@xing.com,151.204.66.114
478,Viviene,Gledstane,6,F,vgledstaned9@state.tx.us,71.143.217.61
479,Lonnie,Kennermann,63,F,lkennermannda@admin.ch,145.131.80.229
480,Mord,Segebrecht,44,M,msegebrechtdb@cnbc.com,212.205.252.9
481,Vite,Inkster,64,M,vinksterdc@google.pl,168.60.63.123
482,Myrtia,Ronchetti,16,F,mronchettidd@blogger.com,44.12.73.216
483,D'arcy,Tarrant,93,M,dtarrantde@artisteer.com,52.6.190.139
484,Jaquelin,Snassell,36,F,jsnasselldf@hp.com,56.245.50.60
485,Ardath,Clawson,8,F,aclawsondg@godaddy.com,184.152.107.29
486,Sherlocke,Preene,3,M,spreenedh@etsy.com,147.232.81.160
487,Duky,Hawkeridge,55,M,dhawkeridgedi@microsoft.com,208.7.60.250
488,Em,Rex,59,M,erexdj@ftc.gov,178.217.180.241
489,Reg,Trobey,95,M,rtrobeydk@github.io,103.96.98.127
490,Yvor,Edison,38,M,yedisondl@japanpost.jp,71.112.66.182
491,Betteann,Shattock,44,F,bshattockdm@domainmarket.com,170.20.173.173
492,Jeromy,Speere,73,M,jspeeredn@sitemeter.com,202.179.15.122
493,Aubine,Daw,11,F,adawdo@nps.gov,240.180.57.147
494,Johnnie,Hayman,60,M,jhaymandp@vkontakte.ru,190.126.20.232
495,Corella,Adamovsky,58,F,cadamovskydq@cloudflare.com,188.110.141.72
496,Llywellyn,Small,85,M,lsmalldr@aol.com,255.94.150.21
497,Loy,Raspel,94,M,lraspelds@pen.io,36.211.55.116
498,Norry,Coneybeer,31,M,nconeybeerdt@deviantart.com,209.143.254.55
499,Waring,Floris,95,M,wflorisdu@mashable.com,32.194.2.154
500,Kessia,Cannings,20,F,kcanningsdv@sciencedaily.com,113.204.127.44
